AREA,AREA_TITLE,AREA_TYPE,PRIM_STATE,NAICS,NAICS_TITLE,I_GROUP,OWN_CODE,OCC_CODE,OCC_TITLE,O_GROUP,TOT_EMP,EMP_PRSE,JOBS_1000,LOC_QUOTIENT,PCT_TOTAL,PCT_RPT,H_MEAN,A_MEAN,MEAN_PRSE,H_PCT10,H_PCT25,H_MEDIAN,H_PCT75,H_PCT90,A_PCT10,A_PCT25,A_MEDIAN,A_PCT75,A_PCT90,ANNUAL,HOURLY
99,U.S.,1,US,000000,Cross-industry,cross-industry,1235,15-2051,Data Scientists,detailed,159630,1.4,,,,,55.4,115240,0.7,28.13,37.09,49.76,65.68,84.03,58510,77140,103500,136600,174790,,
99,U.S.,1,US,000001,"Cross-industry, private ownership only","cross-industry, ownership",5,15-2051,Data Scientists,detailed,152970,1.5,,,,,56.06,116600,0.7,28.4,37.44,50.25,66.19,84.51,59080,77870,104520,137680,175780,,
99,U.S.,1,US,21,"Mining, Quarrying, and Oil and Gas Extraction",sector,5,15-2051,Data Scientists,detailed,190,10.4,,,0.04,~,56.12,116740,2.3,37.93,41.47,50.53,69.13,77.41,78890,86250,105100,143780,161010,,
99,U.S.,1,US,22,Utilities,sector,5,15-2051,Data Scientists,detailed,660,16.4,,,0.12,1,49.33,102610,5.1,29.54,37.29,46.01,61.28,75.68,61440,77550,95690,127460,157420,,
99,U.S.,1,US,23,Construction,sector,5,15-2051,Data Scientists,detailed,280,10.4,,,0,~,41.01,85290,4.8,23.79,28.27,36.84,51.36,67.44,49490,58800,76620,106820,140270,,
99,U.S.,1,US,42,Wholesale Trade,sector,5,15-2051,Data Scientists,detailed,4530,5.5,,,0.08,1,53.55,111380,1.9,28.99,37.2,49.54,65.47,82.78,60290,77370,103030,136180,172170,,
99,U.S.,1,US,51,Information,sector,5,15-2051,Data Scientists,detailed,20050,3.7,,,0.67,4,*,*,*,*,*,*,*,*,*,*,*,*,*,,
99,U.S.,1,US,52,Finance and Insurance,sector,5,15-2051,Data Scientists,detailed,26360,6,,,0.43,1,56.6,117720,2.5,30.36,39.57,52.49,67.24,83.06,63150,82300,109180,139860,172770,,
99,U.S.,1,US,53,Real Estate and Rental and Leasing,sector,5,15-2051,Data Scientists,detailed,880,13.7,,,0.04,~,47.79,99410,9.8,21.69,30.16,45.39,57.93,82.07,45110,62730,94400,120500,170710,,
99,U.S.,1,US,54,"Professional, Scientific, and Technical Services",sector,5,15-2051,Data Scientists,detailed,54690,3,,,0.53,2,54.54,113450,1,28.8,37.2,49.45,66.14,83.93,59900,77370,102850,137560,174570,,
99,U.S.,1,US,55,Management of Companies and Enterprises,sector,5,15-2051,Data Scientists,detailed,15440,2.1,,,0.58,5,54.77,113920,1,31.88,39.89,51.21,64.88,80.6,66300,82960,106510,134950,167650,,
99,U.S.,1,US,56,Administrative and Support and Waste Management and Remediation Services,sector,5,15-2051,Data Scientists,detailed,10200,4.4,,,0.11,1,46.86,97460,1.7,22.8,30.13,40.67,58.96,77.31,47420,62670,84600,122640,160790,,
99,U.S.,1,US,61,Educational Services,sector,235,15-2051,Data Scientists,detailed,5200,4.9,,,0.04,1,40.42,84070,3.9,23.57,28.97,36.05,48.35,62.25,49020,60250,74980,100570,129470,,
99,U.S.,1,US,62,Health Care and Social Assistance,sector,58,15-2051,Data Scientists,detailed,6750,1.4,,,0.03,~,42.97,89380,0.7,24.69,30.79,40.36,51.09,63.36,51350,64050,83940,106270,131790,,
99,U.S.,1,US,71,"Arts, Entertainment, and Recreation",sector,57,15-2051,Data Scientists,detailed,370,8,,,0.02,~,40.95,85180,3.6,23.02,28.13,37.04,49.87,65.63,47880,58510,77050,103730,136520,,
99,U.S.,1,US,72,Accommodation and Food Services,sector,57,15-2051,Data Scientists,detailed,50,6.8,,,0,~,40.76,84770,3.9,21.65,28.45,34.83,50.77,55.16,45030,59170,72440,105610,114720,,
99,U.S.,1,US,81,Other Services (except Public Administration),sector,5,15-2051,Data Scientists,detailed,1730,9.5,,,0.04,~,42.81,89050,2.7,25.34,30.14,38.9,50.42,65.55,52700,62690,80910,104880,136330,,
99,U.S.,1,US,99,"Federal, State, and Local Government, excluding state and local schools and hospitals and the U.S. Postal Service (OES Designation)",sector,123,15-2051,Data Scientists,detailed,2810,0.9,,,0.03,1,39.83,82840,0.4,26.18,32.6,40.5,46.42,51.53,54450,67810,84230,96560,107180,,
99,U.S.,1,US,211000,Oil and Gas Extraction,3-digit,5,15-2051,Data Scientists,detailed,110,8.8,,,0.11,1,62.96,130950,2.7,39.26,48.66,65.12,72.11,83.03,81660,101220,135450,149980,172710,,
99,U.S.,1,US,211100,Oil and Gas Extraction,4-digit,5,15-2051,Data Scientists,detailed,110,8.8,,,0.11,1,62.96,130950,2.7,39.26,48.66,65.12,72.11,83.03,81660,101220,135450,149980,172710,,
99,U.S.,1,US,213000,Support Activities for Mining,3-digit,5,15-2051,Data Scientists,detailed,**,**,,,**,**,52.32,108830,7.1,41.5,43.47,49.84,60.05,73.18,86310,90410,103680,124890,152210,,
99,U.S.,1,US,213100,Support Activities for Mining,4-digit,5,15-2051,Data Scientists,detailed,**,**,,,**,**,52.32,108830,7.1,41.5,43.47,49.84,60.05,73.18,86310,90410,103680,124890,152210,,
99,U.S.,1,US,221000,Utilities,3-digit,5,15-2051,Data Scientists,detailed,660,16.4,,,0.12,1,49.33,102610,5.1,29.54,37.29,46.01,61.28,75.68,61440,77550,95690,127460,157420,,
99,U.S.,1,US,221100,"Electric Power Generation, Transmission and Distribution",4-digit,5,15-2051,Data Scientists,detailed,500,19.9,,,0.13,2,45.06,93720,5.8,29.33,35.46,40.71,50.8,68.28,61010,73760,84680,105670,142030,,
99,U.S.,1,US,221112,Fossil Fuel Electric Power Generation,6-digit,5,15-2051,Data Scientists,detailed,80,31.7,,,0.11,3,55.2,114820,7.9,33.07,35.16,57.45,73.19,73.22,68790,73130,119490,152230,152300,,
99,U.S.,1,US,221200,Natural Gas Distribution,4-digit,5,15-2051,Data Scientists,detailed,160,11.6,,,0.15,2,62.52,130040,3.7,38.2,45.99,62.14,81.69,83.23,79450,95660,129250,169910,173120,,
99,U.S.,1,US,236000,Construction of Buildings,3-digit,5,15-2051,Data Scientists,detailed,40,20,,,0,~,41.86,87070,4.4,27.85,33.94,41.39,47.09,53.74,57920,70590,86100,97940,111780,,
99,U.S.,1,US,237000,Heavy and Civil Engineering Construction,3-digit,5,15-2051,Data Scientists,detailed,100,15.1,,,0.01,~,33.47,69620,6.3,22.54,26.46,29.26,41.12,51.35,46890,55040,60860,85530,106810,,
99,U.S.,1,US,237100,Utility System Construction,4-digit,5,15-2051,Data Scientists,detailed,60,23.5,,,0.01,~,34.37,71500,7.8,21.94,24.03,28.85,44.5,53.22,45640,49980,60010,92560,110710,,
99,U.S.,1,US,237130,Power and Communication Line and Related Structures Construction,5-digit,5,15-2051,Data Scientists,detailed,30,37.8,,,0.02,~,35.5,73850,12,21.94,26.46,33.95,41.12,57.94,45640,55040,70620,85530,120520,,
99,U.S.,1,US,238000,Specialty Trade Contractors,3-digit,5,15-2051,Data Scientists,detailed,150,16.9,,,0,~,45.58,94800,7.5,23.79,31.42,43.04,58.81,67.46,49490,65350,89510,122330,140320,,
99,U.S.,1,US,238200,Building Equipment Contractors,4-digit,5,15-2051,Data Scientists,detailed,110,21.2,,,0,~,47.94,99720,7.5,24.53,31.76,49.83,63.83,67.95,51030,66050,103640,132770,141330,,
99,U.S.,1,US,238210,Electrical Contractors and Other Wiring Installation Contractors,5-digit,5,15-2051,Data Scientists,detailed,40,14.1,,,0,~,43.26,89970,5.5,22.1,27.84,37.38,58.8,79.51,45960,57910,77740,122300,165370,,
99,U.S.,1,US,238290,Other Building Equipment Contractors,5-digit,5,15-2051,Data Scientists,detailed,50,44.4,,,0.03,~,50.81,105690,20.1,26.19,31.76,50.86,67.44,67.95,54460,66050,105780,140280,141330,,
99,U.S.,1,US,311000,Food Manufacturing,3-digit,5,15-2051,Data Scientists,detailed,230,7,,,0.01,~,40.36,83950,1.4,19.87,31.06,39.41,47.99,57.59,41320,64600,81970,99820,119790,,
99,U.S.,1,US,311600,Animal Slaughtering and Processing,4-digit,5,15-2051,Data Scientists,detailed,30,22.4,,,0.01,1,37.94,78920,6.1,24.88,31.94,35.45,46.72,51.63,51740,66440,73730,97170,107400,,
99,U.S.,1,US,311800,Bakeries and Tortilla Manufacturing,4-digit,5,15-2051,Data Scientists,detailed,40,13.4,,,0.01,~,26.02,54120,3.8,19.05,19.86,19.86,20.45,56.84,39630,41310,41320,42540,118220,,
99,U.S.,1,US,311900,Other Food Manufacturing,4-digit,5,15-2051,Data Scientists,detailed,50,20.7,,,0.02,1,38.66,80410,2.6,30.1,33.24,39.36,43.94,46.35,62620,69140,81860,91390,96410,,
99,U.S.,1,US,312000,Beverage and Tobacco Product Manufacturing,3-digit,5,15-2051,Data Scientists,detailed,90,15,,,0.03,~,45.57,94780,2.4,29.46,37.33,45.67,52.02,63.88,61280,77650,94990,108210,132860,,
99,U.S.,1,US,312100,Beverage Manufacturing,4-digit,5,15-2051,Data Scientists,detailed,90,15.5,,,0.03,~,45.24,94100,2.6,27.95,37.27,45.37,51.85,63.88,58140,77520,94370,107850,132860,,
99,U.S.,1,US,322000,Paper Manufacturing,3-digit,5,15-2051,Data Scientists,detailed,60,17.3,,,0.02,1,42.23,87840,6.2,29.54,31.68,41.74,48.07,62.5,61430,65900,86810,99980,130000,,
99,U.S.,1,US,323000,Printing and Related Support Activities,3-digit,5,15-2051,Data Scientists,detailed,130,22,,,0.04,~,*,*,*,*,*,*,*,*,*,*,*,*,*,,
99,U.S.,1,US,323100,Printing and Related Support Activities,4-digit,5,15-2051,Data Scientists,detailed,130,22,,,0.04,~,*,*,*,*,*,*,*,*,*,*,*,*,*,,
99,U.S.,1,US,325000,Chemical Manufacturing,3-digit,5,15-2051,Data Scientists,detailed,1220,4.6,,,0.14,2,60.01,124820,1.5,35.14,46.08,59.83,68.65,82.31,73090,95840,124440,142790,171200,,
99,U.S.,1,US,325400,Pharmaceutical and Medicine Manufacturing,4-digit,5,15-2051,Data Scientists,detailed,1000,5.5,,,0.3,3,62,128960,1.8,35.52,48.34,61.95,77.37,82.31,73880,100550,128860,160920,171200,,
99,U.S.,1,US,326000,Plastics and Rubber Products Manufacturing,3-digit,5,15-2051,Data Scientists,detailed,170,10,,,0.02,1,34.35,71450,5.2,17.65,25.86,34.76,40.52,49.88,36720,53790,72290,84290,103750,,
99,U.S.,1,US,326100,Plastics Product Manufacturing,4-digit,5,15-2051,Data Scientists,detailed,150,10.7,,,0.02,1,34.1,70930,5.7,17.65,25.75,33.95,40,49.88,36720,53560,70620,83200,103750,,
99,U.S.,1,US,327000,Nonmetallic Mineral Product Manufacturing,3-digit,5,15-2051,Data Scientists,detailed,40,27.3,,,0.01,~,45.74,95150,6.8,25.86,31.88,47.17,60.59,60.59,53780,66300,98120,126020,126030,,
99,U.S.,1,US,327000,Nonmetallic Mineral Product Manufacturing,4-digit,5,15-2051,Data Scientists,detailed,40,27.3,,,0.01,~,45.74,95150,6.8,25.86,31.88,47.17,60.59,60.59,53780,66300,98120,126020,126030,,
99,U.S.,1,US,331000,Primary Metal Manufacturing,3-digit,5,15-2051,Data Scientists,detailed,50,18.7,,,0.01,1,45.11,93830,2.5,26.44,35.53,41.24,57.02,60.77,55000,73890,85770,118600,126400,,
99,U.S.,1,US,332000,Fabricated Metal Product Manufacturing,3-digit,5,15-2051,Data Scientists,detailed,140,7.8,,,0.01,~,40.96,85200,2.5,26.85,29.94,38.36,49.02,62.3,55850,62270,79790,101960,129590,,
99,U.S.,1,US,333000,Machinery Manufacturing,3-digit,5,15-2051,Data Scientists,detailed,420,4.3,,,0.04,1,46.29,96290,1,29,36.76,46.11,52.48,66.4,60320,76470,95910,109160,138110,,
99,U.S.,1,US,333300,Commercial and Service Industry Machinery Manufacturing,4-digit,5,15-2051,Data Scientists,detailed,40,18.1,,,0.04,1,52.35,108880,4.4,29.66,37.06,40.07,64.18,84.48,61690,77090,83350,133500,175720,,
99,U.S.,1,US,333500,Metalworking Machinery Manufacturing,4-digit,5,15-2051,Data Scientists,detailed,40,20.3,,,0.02,~,39.73,82640,3.8,30.07,31.76,36.98,46.03,52.77,62540,66050,76910,95750,109760,,
99,U.S.,1,US,333600,"Engine, Turbine, and Power Transmission Equipment Manufacturing",4-digit,5,15-2051,Data Scientists,detailed,80,7,,,0.09,4,50.02,104050,3.7,33.11,39.18,49.39,59.21,75.17,68870,81490,102730,123170,156360,,
99,U.S.,1,US,334000,Computer and Electronic Product Manufacturing,3-digit,5,15-2051,Data Scientists,detailed,2130,3.3,,,0.2,3,66.55,138430,1.1,38.06,48.87,64.34,83.33,99.86,79160,101640,133820,173320,207710,,
99,U.S.,1,US,334100,Computer and Peripheral Equipment Manufacturing,4-digit,5,15-2051,Data Scientists,detailed,700,3.1,,,0.44,3,76.13,158350,1.1,45.41,57.72,79.27,94.75,103.65,94460,120050,164880,197070,215580,,
99,U.S.,1,US,334200,Communications Equipment Manufacturing,4-digit,5,15-2051,Data Scientists,detailed,80,11.4,,,0.1,2,48.54,100950,4.9,25.68,33.1,41.21,61.18,75.72,53420,68860,85720,127260,157490,,
99,U.S.,1,US,334400,Semiconductor and Other Electronic Component Manufacturing,4-digit,5,15-2051,Data Scientists,detailed,600,3.1,,,0.16,2,71.28,148270,1.3,45.16,59.28,66.2,84.03,102.32,93930,123300,137690,174790,212830,,
99,U.S.,1,US,334500,"Navigational, Measuring, Electromedical, and Control Instruments Manufacturing",4-digit,5,15-2051,Data Scientists,detailed,580,6.5,,,0.14,4,58.26,121190,1.6,33.46,45.53,60.13,67.77,80.54,69610,94700,125070,140970,167530,,
99,U.S.,1,US,334600,Manufacturing and Reproducing Magnetic and Optical Media,4-digit,5,15-2051,Data Scientists,detailed,150,26.7,,,1.35,8,*,*,*,*,*,*,*,*,*,*,*,*,*,,
99,U.S.,1,US,335000,"Electrical Equipment, Appliance, and Component Manufacturing",3-digit,5,15-2051,Data Scientists,detailed,150,16.3,,,0.04,1,41.4,86110,3.3,29.4,34.02,39.48,46.73,52.88,61140,70770,82110,97190,109990,,
99,U.S.,1,US,335200,Household Appliance Manufacturing,4-digit,5,15-2051,Data Scientists,detailed,60,9.3,,,0.09,5,38.63,80350,1,30.17,32.17,38.44,39.68,40.42,62760,66920,79960,82530,84070,,
99,U.S.,1,US,335900,Other Electrical Equipment and Component Manufacturing,4-digit,5,15-2051,Data Scientists,detailed,50,31,,,0.03,1,43.48,90430,2.8,31.3,38.85,44.77,49.77,52.88,65100,80800,93130,103510,109990,,
99,U.S.,1,US,336000,Transportation Equipment Manufacturing,3-digit,5,15-2051,Data Scientists,detailed,960,11.3,,,0.06,2,53.33,110930,0.9,32.07,42.65,52.73,61.79,68.56,66710,88700,109670,128530,142610,,
99,U.S.,1,US,336100,Motor Vehicle Manufacturing,4-digit,5,15-2051,Data Scientists,detailed,**,**,,,**,**,51.45,107020,5.2,36.78,42.73,56.85,58.48,58.48,76500,88880,118250,121630,121630,,
99,U.S.,1,US,336300,Motor Vehicle Parts Manufacturing,4-digit,5,15-2051,Data Scientists,detailed,80,13.5,,,0.01,1,44.96,93510,1.1,25.56,33.7,45.01,51.23,62.7,53160,70090,93620,106560,130410,,
99,U.S.,1,US,336400,Aerospace Product and Parts Manufacturing,4-digit,5,15-2051,Data Scientists,detailed,640,7.7,,,0.13,4,55.47,115380,0.9,32.29,44.46,53.44,67.17,81.99,67160,92470,111150,139720,170540,,
99,U.S.,1,US,337000,Furniture and Related Product Manufacturing,3-digit,5,15-2051,Data Scientists,detailed,60,10.5,,,0.02,~,38.63,80350,3.7,22.08,30.65,31.22,47.53,62.81,45930,63750,64950,98870,130640,,
99,U.S.,1,US,339000,Miscellaneous Manufacturing,3-digit,5,15-2051,Data Scientists,detailed,350,8.5,,,0.06,1,52.26,108690,4.1,31.68,38.31,47.49,61.65,82.74,65900,79680,98770,128240,172090,,
99,U.S.,1,US,339100,Medical Equipment and Supplies Manufacturing,4-digit,5,15-2051,Data Scientists,detailed,270,9.8,,,0.08,1,54.69,113740,5,32.73,39.38,49.53,62.67,85.7,68080,81900,103020,130350,178250,,
99,U.S.,1,US,339900,Other Miscellaneous Manufacturing,4-digit,5,15-2051,Data Scientists,detailed,80,20.6,,,0.03,~,44.03,91570,7.6,25.08,30.79,38.59,47.78,59.23,52170,64040,80260,99380,123190,,
99,U.S.,1,US,423000,"Merchant Wholesalers, Durable Goods",3-digit,5,15-2051,Data Scientists,detailed,2790,7.6,,,0.09,1,54.23,112790,1.9,27.4,36.34,49.89,68.99,84.5,56990,75580,103770,143500,175760,,
99,U.S.,1,US,423100,Motor Vehicle and Motor Vehicle Parts and Supplies Merchant Wholesalers,4-digit,5,15-2051,Data Scientists,detailed,280,15.4,,,0.08,1,53.3,110860,10.2,18.88,31.28,43.26,80.93,91.13,39270,65060,89990,168330,189550,,
99,U.S.,1,US,423400,Professional and Commercial Equipment and Supplies Merchant Wholesalers,4-digit,5,15-2051,Data Scientists,detailed,1740,11,,,0.24,1,58.72,122130,2,31.31,40.97,56.41,73.81,89.34,65130,85210,117320,153520,185830,,
99,U.S.,1,US,423800,"Machinery, Equipment, and Supplies Merchant Wholesalers",4-digit,5,15-2051,Data Scientists,detailed,230,9.7,,,0.03,~,42.35,88090,2.6,25.88,34.78,41.39,47.08,58.1,53840,72340,86100,97920,120840,,
99,U.S.,1,US,423820,Farm and Garden Machinery and Equipment Merchant Wholesalers,5-digit,5,15-2051,Data Scientists,detailed,60,10.2,,,0.06,~,49.85,103690,4.6,40.53,41.84,46.86,50.35,68.17,84310,87030,97460,104740,141800,,
99,U.S.,1,US,424000,"Merchant Wholesalers, Nondurable Goods",3-digit,5,15-2051,Data Scientists,detailed,1170,7.7,,,0.06,1,52.43,109060,2.5,30.34,38.05,49.87,62.13,81.23,63110,79140,103730,129230,168970,,
99,U.S.,1,US,424300,"Apparel, Piece Goods, and Notions Merchant Wholesalers",4-digit,5,15-2051,Data Scientists,detailed,80,12.8,,,0.06,~,52.64,109500,8.5,33.26,36.04,43.46,60.09,109.82,69170,74970,90390,124990,228430,,
99,U.S.,1,US,425000,Wholesale Trade Agents and Brokers,3-digit,5,15-2051,Data Scientists,detailed,560,30.8,,,0.11,~,52.49,109180,9.2,30.88,36.36,47.63,63.39,81.81,64230,75630,99070,131860,170160,,
99,U.S.,1,US,425100,Wholesale Trade Agents and Brokers,4-digit,5,15-2051,Data Scientists,detailed,560,30.8,,,0.11,~,52.49,109180,9.2,30.88,36.36,47.63,63.39,81.81,64230,75630,99070,131860,170160,,
99,U.S.,1,US,441000,Motor Vehicle and Parts Dealers,3-digit,5,15-2051,Data Scientists,detailed,70,42.9,,,0,~,58.43,121540,27.4,30.15,35.92,66.18,66.2,83.11,62720,74710,137650,137700,172870,,
99,U.S.,1,US,441300,"Automotive Parts, Accessories, and Tire Retailers",4-digit,5,15-2051,Data Scientists,detailed,**,**,,,**,**,68.89,143290,27.1,59.79,66.17,66.19,75.65,83.11,124360,137640,137660,157350,172870,,
99,U.S.,1,US,444000,Building Material and Garden Equipment and Supplies Dealers,3-digit,5,15-2051,Data Scientists,detailed,30,33.1,,,0,~,52.32,108830,13.4,23.07,31.77,48.07,63.23,105.16,47980,66090,99980,131520,218730,,
99,U.S.,1,US,444100,Building Material and Supplies Dealers,4-digit,5,15-2051,Data Scientists,detailed,30,34.8,,,0,~,52.51,109220,13.8,23.06,31.25,48.07,63.23,105.16,47970,65000,99990,131520,218730,,
99,U.S.,1,US,445000,Food and Beverage Retailers,3-digit,5,15-2051,Data Scientists,detailed,**,**,,,**,**,32.19,66950,10.2,17.81,21.6,26.96,38.99,59.22,37040,44920,56080,81100,123170,,
99,U.S.,1,US,449000,"Furniture, Home Furnishings, Electronics, and Appliance Retailers",3-digit,5,15-2051,Data Scientists,detailed,110,21.6,,,0.01,~,50.45,104930,23,20.96,25.15,38.75,61.41,106.7,43600,52310,80600,127740,221930,,
99,U.S.,1,US,449100,Furniture and Home Furnishings Retailers,4-digit,5,15-2051,Data Scientists,detailed,80,32.2,,,0.02,~,36.68,76290,19.6,22.56,24.46,35.8,39.82,61.41,46920,50870,74460,82820,127740,,
99,U.S.,1,US,455000,General Merchandise Retailers,3-digit,5,15-2051,Data Scientists,detailed,110,23.7,,,0,~,63.53,132130,6.9,40.39,46.82,63.29,83.17,87.57,84010,97390,131640,173000,182150,,
99,U.S.,1,US,455000,General Merchandise Retailers,4-digit,5,15-2051,Data Scientists,detailed,110,23.7,,,0,~,63.53,132130,6.9,40.39,46.82,63.29,83.17,87.57,84010,97390,131640,173000,182150,,
99,U.S.,1,US,456000,Health and Personal Care Retailers,3-digit,5,15-2051,Data Scientists,detailed,230,19.4,,,0.02,~,48.47,100810,7.2,20.62,34.49,41.1,61.86,85.25,42900,71740,85480,128660,177320,,
99,U.S.,1,US,456100,Health and Personal Care Retailers,4-digit,5,15-2051,Data Scientists,detailed,230,19.4,,,0.02,~,48.47,100810,7.2,20.62,34.49,41.1,61.86,85.25,42900,71740,85480,128660,177320,,
99,U.S.,1,US,456110,Pharmacies and Drug Retailers,5-digit,5,15-2051,Data Scientists,detailed,140,15.3,,,0.02,~,43.97,91460,11.2,18.12,25.88,35.66,51.94,83,37690,53840,74160,108040,172630,,
99,U.S.,1,US,458000,"Clothing, Clothing Accessories, Shoe, and Jewelry Retailers",3-digit,5,15-2051,Data Scientists,detailed,**,**,,,**,**,77.61,161420,14.3,42.74,64.04,87.29,92.03,105.55,88900,133210,181560,191410,219540,,
99,U.S.,1,US,458100,Clothing and Clothing Accessories Retailers,4-digit,5,15-2051,Data Scientists,detailed,**,**,,,**,**,78.86,164030,13.5,43.38,64.44,87.76,92.03,105.55,90230,134030,182540,191410,219540,,
99,U.S.,1,US,459000,"Sporting Goods, Hobby, Musical Instrument, Book, and Miscellaneous Retailers",3-digit,5,15-2051,Data Scientists,detailed,500,14.3,,,0.03,~,51.95,108060,5.4,24.25,31.63,46.37,68.03,81.65,50440,65790,96450,141500,169820,,
99,U.S.,1,US,459100,"Sporting Goods, Hobby, and Musical Instrument Retailers",4-digit,5,15-2051,Data Scientists,detailed,40,47.3,,,0.01,~,39.04,81200,21.3,22.22,23.62,24.23,66.2,68.66,46220,49130,50400,137700,142800,,
99,U.S.,1,US,459110,Sporting Goods Retailers,5-digit,5,15-2051,Data Scientists,detailed,30,32.9,,,0.01,~,41.18,85660,21.2,23.62,23.81,24.25,67.59,69.17,49130,49520,50440,140590,143880,,
99,U.S.,1,US,459900,Other Miscellaneous Retailers,4-digit,5,15-2051,Data Scientists,detailed,360,12.4,,,0.07,~,52.3,108780,6.6,25.29,31.63,49.61,66.59,82.01,52600,65790,103180,138510,170590,,
99,U.S.,1,US,481000,Air Transportation,3-digit,5,15-2051,Data Scientists,detailed,50,11,,,0.01,1,47.49,98780,4.2,22.19,31.18,45.5,57.73,78.13,46150,64850,94640,120070,162510,,
99,U.S.,1,US,481100,Scheduled Air Transportation,4-digit,5,15-2051,Data Scientists,detailed,30,13,,,0.01,1,50.64,105330,5.7,22.18,30.89,49.28,61.84,83.01,46130,64240,102500,128630,172660,,
99,U.S.,1,US,483000,Water Transportation,3-digit,5,15-2051,Data Scientists,detailed,90,11.9,,,0.15,1,62.16,129300,4.5,49.55,50.84,50.95,71.67,79.09,103070,105740,105970,149070,164500,,
99,U.S.,1,US,483100,"Deep Sea, Coastal, and Great Lakes Water Transportation",4-digit,5,15-2051,Data Scientists,detailed,90,11.9,,,0.26,1,62.16,129300,4.5,49.55,50.84,50.95,71.67,79.09,103070,105740,105970,149070,164500,,
99,U.S.,1,US,484000,Truck Transportation,3-digit,5,15-2051,Data Scientists,detailed,80,16.1,,,0.01,~,37.87,78770,8.1,16.82,24.3,35.06,51.99,62.11,34980,50540,72920,108140,129190,,
99,U.S.,1,US,484000,Truck Transportation,4-digit,5,15-2051,Data Scientists,detailed,80,16.1,,,0.01,~,37.87,78770,8.1,16.82,24.3,35.06,51.99,62.11,34980,50540,72920,108140,129190,,
99,U.S.,1,US,486000,Pipeline Transportation,3-digit,5,15-2051,Data Scientists,detailed,100,23.9,,,0.19,3,41.08,85440,4.3,26.09,26.65,34.99,59.19,64.11,54270,55430,72780,123110,133360,,
99,U.S.,1,US,486200,Pipeline Transportation of Natural Gas,4-digit,5,15-2051,Data Scientists,detailed,100,23.9,,,0.31,4,41.08,85440,4.3,26.09,26.65,34.99,59.19,64.11,54270,55430,72780,123110,133360,,
99,U.S.,1,US,488000,Support Activities for Transportation,3-digit,5,15-2051,Data Scientists,detailed,260,8.8,,,0.03,~,48.83,101560,3,30.98,36.12,42.46,64.5,76.56,64430,75140,88310,134160,159250,,
99,U.S.,1,US,488100,Support Activities for Air Transportation,4-digit,5,15-2051,Data Scientists,detailed,130,15.8,,,0.06,1,44.07,91670,3.5,31.1,33.6,38.16,51.68,64.5,64690,69890,79370,107500,134160,,
99,U.S.,1,US,488500,Freight Transportation Arrangement,4-digit,5,15-2051,Data Scientists,detailed,120,12.4,,,0.04,~,52.27,108720,3.5,30.86,38.41,44.48,67.15,81.52,64200,79880,92510,139670,169560,,
99,U.S.,1,US,492000,Couriers and Messengers,3-digit,5,15-2051,Data Scientists,detailed,200,28.8,,,0.02,~,78.01,162270,21.8,29.61,44.33,80.71,114.03,#,61590,92210,167870,237190,#,,
99,U.S.,1,US,492100,Couriers and Express Delivery Services,4-digit,5,15-2051,Data Scientists,detailed,40,17.4,,,0,~,63.4,131870,2,40.48,44.34,71.73,80.7,86.7,84200,92220,149190,167860,180340,,
99,U.S.,1,US,492200,Local Messengers and Local Delivery,4-digit,5,15-2051,Data Scientists,detailed,160,33.8,,,0.09,1,*,*,*,*,*,*,*,*,*,*,*,*,*,,
99,U.S.,1,US,493000,Warehousing and Storage,3-digit,5,15-2051,Data Scientists,detailed,620,8.2,,,0.03,1,34.3,71340,1.7,17.67,23.37,29.49,47.58,59.19,36760,48610,61330,98970,123120,,
99,U.S.,1,US,493100,Warehousing and Storage,4-digit,5,15-2051,Data Scientists,detailed,620,8.2,,,0.03,1,34.3,71340,1.7,17.67,23.37,29.49,47.58,59.19,36760,48610,61330,98970,123120,,
99,U.S.,1,US,512000,Motion Picture and Sound Recording Industries,3-digit,5,15-2051,Data Scientists,detailed,610,9.6,,,0.14,1,55.06,114520,3.1,31.81,40.86,51.24,62.82,81.36,66160,84990,106570,130660,169220,,
99,U.S.,1,US,512100,Motion Picture and Video Industries,4-digit,5,15-2051,Data Scientists,detailed,550,9.6,,,0.13,1,56.32,117150,3.1,31.81,41.59,51.35,62.85,81.46,66160,86500,106810,130720,169430,,
99,U.S.,1,US,512200,Sound Recording Industries,4-digit,5,15-2051,Data Scientists,detailed,60,41.9,,,0.28,1,42.55,88510,12.1,32.04,32.94,36.95,46.04,72.35,66640,68510,76850,95760,150480,,
99,U.S.,1,US,513000,Publishing Industries,3-digit,5,15-2051,Data Scientists,detailed,7860,4.7,,,0.85,4,61.96,128870,2.4,30.59,46.02,61.45,76.48,96.72,63620,95730,127810,159090,201170,,
99,U.S.,1,US,513100,"Newspaper, Periodical, Book, and Directory Publishers",4-digit,5,15-2051,Data Scientists,detailed,1060,7.1,,,0.34,2,52.78,109780,2.4,26.44,37.5,49.57,64.94,80.81,54990,78000,103100,135080,168090,,
99,U.S.,1,US,513110,Newspaper Publishers,5-digit,5,15-2051,Data Scientists,detailed,110,20.8,,,0.1,1,*,*,*,*,*,*,*,*,*,*,*,*,*,,
99,U.S.,1,US,513200,Software Publishers,4-digit,5,15-2051,Data Scientists,detailed,6800,5.3,,,1.11,5,63.39,131840,2.8,31.54,48.79,61.45,78.11,97.94,65600,101490,127810,162470,203710,,
99,U.S.,1,US,516000,Broadcasting and Content Providers,3-digit,5,15-2051,Data Scientists,detailed,2210,9.7,,,0.63,3,62.81,130640,5.9,19.31,30.09,65.11,85.02,105.7,40160,62580,135440,176840,219850,,
99,U.S.,1,US,516100,Radio and Television Broadcasting Stations,4-digit,5,15-2051,Data Scientists,detailed,130,14.9,,,0.11,1,46.26,96230,5.1,22.99,35.33,41.84,49.65,83.3,47810,73480,87020,103270,173260,,
99,U.S.,1,US,516120,Television Broadcasting Stations,5-digit,5,15-2051,Data Scientists,detailed,110,14.5,,,0.17,4,49.39,102730,3.8,34.48,38.6,41.91,58.07,83.55,71720,80290,87180,120790,173780,,
99,U.S.,1,US,516200,"Media Streaming Distribution Services, Social Networks, and Other Media Networks and Content Providers",4-digit,5,15-2051,Data Scientists,detailed,2090,10.5,,,0.9,4,63.82,132740,6.1,19.31,30.09,65.21,85.96,105.99,40160,62580,135640,178800,220460,,
99,U.S.,1,US,517000,Telecommunications,3-digit,5,15-2051,Data Scientists,detailed,1490,7.7,,,0.23,2,57.29,119170,4.2,32.35,40.87,54.78,72.89,81.05,67300,85020,113950,151610,168580,,
99,U.S.,1,US,517000,Telecommunications,4-digit,5,15-2051,Data Scientists,detailed,1490,7.7,,,0.23,2,57.29,119170,4.2,32.35,40.87,54.78,72.89,81.05,67300,85020,113950,151610,168580,,
99,U.S.,1,US,518000,"Computing Infrastructure Providers, Data Processing, Web Hosting, and Related Services",3-digit,5,15-2051,Data Scientists,detailed,5130,11.7,,,1.13,7,57.74,120100,3.5,26.49,38.26,55.38,77.16,89.75,55090,79570,115190,160480,186680,,
99,U.S.,1,US,518200,"Computing Infrastructure Providers, Data Processing, Web Hosting, and Related Services",4-digit,5,15-2051,Data Scientists,detailed,5130,11.7,,,1.13,7,57.74,120100,3.5,26.49,38.26,55.38,77.16,89.75,55090,79570,115190,160480,186680,,
99,U.S.,1,US,519000,"Web Search Portals, Libraries, Archives, and Other Information Services",3-digit,5,15-2051,Data Scientists,detailed,2750,7.6,,,1.56,3,*,*,*,*,*,*,*,*,*,*,*,*,*,,
99,U.S.,1,US,519200,"Web Search Portals, Libraries, Archives, and Other Information Services",4-digit,5,15-2051,Data Scientists,detailed,2750,7.6,,,1.56,3,*,*,*,*,*,*,*,*,*,*,*,*,*,,
99,U.S.,1,US,521000,Monetary Authorities-Central Bank,3-digit,5,15-2051,Data Scientists,detailed,220,4.9,,,1.05,2,53.7,111690,0.3,30.22,37.32,49.21,66.01,79.85,62850,77620,102350,137310,166090,,
99,U.S.,1,US,521100,Monetary Authorities-Central Bank,4-digit,5,15-2051,Data Scientists,detailed,220,4.9,,,1.05,2,53.7,111690,0.3,30.22,37.32,49.21,66.01,79.85,62850,77620,102350,137310,166090,,
99,U.S.,1,US,522000,Credit Intermediation and Related Activities,3-digit,5,15-2051,Data Scientists,detailed,9860,1.7,,,0.37,1,58.25,121160,0.7,35.4,43.18,56.32,67.34,82.91,73630,89820,117150,140070,172460,,
99,U.S.,1,US,522200,Nondepository Credit Intermediation,4-digit,5,15-2051,Data Scientists,detailed,2740,3.9,,,0.44,1,59.05,122830,0.8,37.84,46.02,54.61,67.6,83.04,78700,95720,113590,140610,172720,,
99,U.S.,1,US,522290,Other Nondepository Credit Intermediation,5-digit,5,15-2051,Data Scientists,detailed,1860,5.7,,,0.4,1,57.12,118820,1,38.09,46.02,53.33,66.11,80.9,79220,95720,110920,137520,168270,,
99,U.S.,1,US,523000,"Securities, Commodity Contracts, and Other Financial Investments and Related Activities",3-digit,5,15-2051,Data Scientists,detailed,4020,6.4,,,0.4,1,64.29,133730,3.1,36.38,47.69,61.62,80.97,99.74,75660,99190,128170,168410,207460,,
99,U.S.,1,US,523000,"Securities, Commodity Contracts, and Other Financial Investments and Related Activities",4-digit,5,15-2051,Data Scientists,detailed,4020,6.4,,,0.4,1,64.29,133730,3.1,36.38,47.69,61.62,80.97,99.74,75660,99190,128170,168410,207460,,
99,U.S.,1,US,524000,Insurance Carriers and Related Activities,3-digit,5,15-2051,Data Scientists,detailed,12220,12.5,,,0.49,2,52.83,109880,4.3,28.18,38.09,49.38,64.16,81.08,58610,79230,102700,133450,168640,,
99,U.S.,1,US,524100,Insurance Carriers,4-digit,5,15-2051,Data Scientists,detailed,8320,17.2,,,0.69,6,53.43,111130,4.7,30.51,39.07,49.79,63.21,78.18,63470,81270,103560,131480,162610,,
99,U.S.,1,US,524114,Direct Health and Medical Insurance Carriers,6-digit,5,15-2051,Data Scientists,detailed,3770,37.3,,,0.92,11,45.73,95110,3.8,29.13,37.29,42.29,52.64,65.43,60600,77550,87960,109490,136080,,
99,U.S.,1,US,524120,"Direct Insurance (except Life, Health, and Medical) Carriers",5-digit,5,15-2051,Data Scientists,detailed,2530,3.4,,,0.47,3,55.71,115890,0.8,35.88,45.25,51.59,63.3,79.35,74620,94120,107310,131660,165050,,
99,U.S.,1,US,524200,"Agencies, Brokerages, and Other Insurance Related Activities",4-digit,5,15-2051,Data Scientists,detailed,3900,13.1,,,0.31,1,51.54,107200,6,25.08,30.36,47.75,69.51,82.1,52170,63150,99310,144570,170780,,
99,U.S.,1,US,524210,Insurance Agencies and Brokerages,5-digit,5,15-2051,Data Scientists,detailed,1740,33.7,,,0.19,1,57.04,118650,8.2,25.05,38.78,61.09,73.39,82.16,52110,80660,127070,152640,170890,,
99,U.S.,1,US,524290,Other Insurance Related Activities,5-digit,5,15-2051,Data Scientists,detailed,2160,7.1,,,0.6,3,47.12,98020,2.1,25.08,28.24,39.57,61.77,81.39,52170,58730,82310,128490,169290,,
99,U.S.,1,US,525000,"Funds, Trusts, and Other Financial Vehicles",3-digit,5,15-2051,Data Scientists,detailed,40,18.1,,,0.14,~,41.19,85680,4.7,21.63,23.42,35.19,52.85,88.52,44990,48700,73190,109930,184120,,
99,U.S.,1,US,531000,Real Estate,3-digit,5,15-2051,Data Scientists,detailed,710,15.2,,,0.04,~,47.76,99340,11.6,20.56,27.64,43.21,58.97,86.49,42770,57500,89880,122660,179910,,
99,U.S.,1,US,531000,Real Estate,4-digit,5,15-2051,Data Scientists,detailed,710,15.2,,,0.04,~,47.76,99340,11.6,20.56,27.64,43.21,58.97,86.49,42770,57500,89880,122660,179910,,
99,U.S.,1,US,532000,Rental and Leasing Services,3-digit,5,15-2051,Data Scientists,detailed,150,31.4,,,0.03,~,50.04,104070,5.8,34.49,43.49,47.98,52.15,75.12,71740,90470,99790,108470,156260,,
99,U.S.,1,US,541000,"Professional, Scientific, and Technical Services",3-digit,5,15-2051,Data Scientists,detailed,54690,3,,,0.53,2,54.54,113450,1,28.8,37.2,49.45,66.14,83.93,59900,77370,102850,137560,174570,,
99,U.S.,1,US,541100,Legal Services,4-digit,5,15-2051,Data Scientists,detailed,730,14.1,,,0.06,~,44.12,91770,3.4,25.23,27.95,38.95,57.67,72.11,52480,58140,81020,119960,149990,,
99,U.S.,1,US,541200,"Accounting, Tax Preparation, Bookkeeping, and Payroll Services",4-digit,5,15-2051,Data Scientists,detailed,2550,6,,,0.24,1,60.93,126730,2.8,31.13,38.28,60.72,78.49,102.29,64750,79630,126290,163260,212770,,
99,U.S.,1,US,541300,"Architectural, Engineering, and Related Services",4-digit,5,15-2051,Data Scientists,detailed,4450,5.8,,,0.28,1,44.7,92970,1.9,22.43,29.11,37.24,53.04,77.64,46660,60540,77450,110320,161480,,
99,U.S.,1,US,541330,Engineering Services,5-digit,5,15-2051,Data Scientists,detailed,3860,6.4,,,0.36,2,45.76,95190,1.9,22.44,29.86,37.38,55.21,78.87,46670,62100,77740,114830,164040,,
99,U.S.,1,US,541380,Testing Laboratories and Services,5-digit,5,15-2051,Data Scientists,detailed,430,15.6,,,0.24,3,34.07,70870,7.8,19.04,22.61,29.8,40,59.12,39610,47020,61990,83200,122970,,
99,U.S.,1,US,541400,Specialized Design Services,4-digit,5,15-2051,Data Scientists,detailed,40,18.8,,,0.02,~,49.02,101970,10.1,21.32,31.4,43.25,59.54,85.16,44340,65310,89960,123850,177120,,
99,U.S.,1,US,541500,Computer Systems Design and Related Services,4-digit,5,15-2051,Data Scientists,detailed,21440,4.9,,,0.87,3,56.63,117800,2,29.17,38.67,51.05,68.38,86.72,60680,80440,106180,142220,180380,,
99,U.S.,1,US,541600,"Management, Scientific, and Technical Consulting Services",4-digit,5,15-2051,Data Scientists,detailed,11640,8.7,,,0.66,2,53.1,110450,2.1,28.84,37.85,48.93,64.53,81.56,59990,78730,101760,134220,169650,,
99,U.S.,1,US,541700,Scientific Research and Development Services,4-digit,5,15-2051,Data Scientists,detailed,8380,5.1,,,0.97,7,60.39,125620,1.8,33.63,41.19,57.03,75.17,91.83,69950,85680,118620,156350,191010,,
99,U.S.,1,US,541710,"Research and Development in the Physical, Engineering, and Life Sciences",5-digit,5,15-2051,Data Scientists,detailed,7930,5.4,,,0.98,8,60.71,126280,1.9,33.63,41.97,57.58,75.61,92.67,69950,87290,119770,157280,192750,,
99,U.S.,1,US,541720,Research and Development in the Social Sciences and Humanities,5-digit,5,15-2051,Data Scientists,detailed,450,15.2,,,0.75,4,54.78,113940,5.3,34.59,36.13,45.77,67.34,84.39,71940,75150,95200,140060,175530,,
99,U.S.,1,US,541800,"Advertising, Public Relations, and Related Services",4-digit,5,15-2051,Data Scientists,detailed,1850,10.2,,,0.39,2,48.27,100390,3.4,25.65,31.39,40.75,61.29,75.47,53350,65290,84760,127490,156970,,
99,U.S.,1,US,541900,"Other Professional, Scientific, and Technical Services",4-digit,5,15-2051,Data Scientists,detailed,3600,13.6,,,0.44,2,46.15,95980,5.8,21.75,31.96,46.02,51.84,71.47,45250,66480,95730,107830,148660,,
99,U.S.,1,US,551000,Management of Companies and Enterprises,3-digit,5,15-2051,Data Scientists,detailed,15440,2.1,,,0.58,5,54.77,113920,1,31.88,39.89,51.21,64.88,80.6,66300,82960,106510,134950,167650,,
99,U.S.,1,US,551100,Management of Companies and Enterprises,4-digit,5,15-2051,Data Scientists,detailed,15440,2.1,,,0.58,5,54.77,113920,1,31.88,39.89,51.21,64.88,80.6,66300,82960,106510,134950,167650,,
99,U.S.,1,US,561000,Administrative and Support Services,3-digit,5,15-2051,Data Scientists,detailed,10180,4.4,,,0.11,1,46.83,97410,1.7,22.78,30.13,40.62,58.9,77.3,47370,62670,84480,122520,160780,,
99,U.S.,1,US,561100,Office Administrative Services,4-digit,5,15-2051,Data Scientists,detailed,1720,14.4,,,0.32,1,46.55,96820,8.3,23.02,28.82,41.56,56.26,82.08,47880,59940,86430,117020,170730,,
99,U.S.,1,US,561200,Facilities Support Services,4-digit,5,15-2051,Data Scientists,detailed,80,41.8,,,0.05,1,41.06,85400,16.2,24.77,27.77,33.03,56.16,59.2,51510,57760,68710,116800,123140,,
99,U.S.,1,US,561300,Employment Services,4-digit,5,15-2051,Data Scientists,detailed,6550,5.8,,,0.17,2,48.02,99870,1.6,23.32,30.13,41.49,59.84,77.88,48500,62670,86310,124460,161990,,
99,U.S.,1,US,561320,Temporary Help Services,5-digit,5,15-2051,Data Scientists,detailed,4870,5.9,,,0.15,3,44.86,93320,2.1,21.23,30.13,37.52,53.12,71.06,44170,62660,78050,110490,147800,,
99,U.S.,1,US,561400,Business Support Services,4-digit,5,15-2051,Data Scientists,detailed,1100,6.8,,,0.14,1,40.66,84560,2.4,19,26.11,35.91,51.03,69.75,39510,54320,74700,106140,145080,,
99,U.S.,1,US,561500,Travel Arrangement and Reservation Services,4-digit,5,15-2051,Data Scientists,detailed,430,9.5,,,0.26,1,48.98,101880,2.4,28.84,31.91,43.76,62.55,75.3,59990,66360,91020,130110,156620,,
99,U.S.,1,US,561600,Investigation and Security Services,4-digit,5,15-2051,Data Scientists,detailed,80,24.7,,,0.01,~,47.77,99370,6.8,26.18,31.06,37.59,61.95,76.74,54440,64610,78190,128860,159610,,
99,U.S.,1,US,561610,"Investigation, Guard, and Armored Car Services",5-digit,5,15-2051,Data Scientists,detailed,40,40,,,0.01,~,37.64,78290,4.2,26,27.12,34.69,39.95,61.74,54070,56410,72160,83090,128420,,
99,U.S.,1,US,561620,Security Systems Services,5-digit,5,15-2051,Data Scientists,detailed,40,20.2,,,0.02,~,59.57,123900,7,31.06,37.59,61.95,76.74,76.92,64610,78190,128860,159610,159990,,
99,U.S.,1,US,561900,Other Support Services,4-digit,5,15-2051,Data Scientists,detailed,210,35.9,,,0.07,~,43.04,89510,8.9,20.4,29.62,40.18,54.4,69.85,42430,61600,83570,113150,145300,,
99,U.S.,1,US,611000,Educational Services,3-digit,235,15-2051,Data Scientists,detailed,5200,4.9,,,0.04,1,40.42,84070,3.9,23.57,28.97,36.05,48.35,62.25,49020,60250,74980,100570,129470,,
99,U.S.,1,US,611000,Educational Services,"3-digit, ownership",2,15-2051,Data Scientists,detailed,2330,1.4,,,0.12,4,37,76960,1.4,23.57,25.56,32.26,40.97,54.76,49020,53160,67100,85210,113900,,
99,U.S.,1,US,611000,Educational Services,"3-digit, ownership",3,15-2051,Data Scientists,detailed,880,26.6,,,0.01,1,47.05,97860,18.5,23.11,29.98,41.86,61.24,84.2,48080,62360,87080,127380,175130,,
99,U.S.,1,US,611000,Educational Services,"3-digit, ownership",5,15-2051,Data Scientists,detailed,2000,4.3,,,0.07,1,41.48,86280,1.7,23.73,29.61,38.03,49.27,63.78,49350,61590,79110,102480,132660,,
99,U.S.,1,US,611100,Elementary and Secondary Schools,4-digit,235,15-2051,Data Scientists,detailed,780,29.8,,,0.01,1,48.19,100240,19.9,21.88,30.63,43.59,61.24,91.51,45510,63710,90660,127380,190340,,
99,U.S.,1,US,611100,Elementary and Secondary Schools,"4-digit, ownership",3,15-2051,Data Scientists,detailed,670,34.6,,,0.01,1,50.73,105510,21.4,23.95,31.74,43.79,61.24,91.51,49820,66030,91090,127380,190340,,
99,U.S.,1,US,611100,Elementary and Secondary Schools,"4-digit, ownership",5,15-2051,Data Scientists,detailed,110,17.3,,,0.01,~,33.18,69010,7.8,19.23,19.59,32.75,43,52.25,40000,40740,68110,89430,108690,,
99,U.S.,1,US,611200,Junior Colleges,4-digit,235,15-2051,Data Scientists,detailed,250,4.9,,,0.04,4,35.45,73740,1.8,23.17,28.95,33.46,40.19,51.9,48190,60210,69600,83600,107950,,
99,U.S.,1,US,611200,Junior Colleges,"4-digit, ownership",2,15-2051,Data Scientists,detailed,80,14.7,,,0.04,4,38.55,80180,2.5,24.75,29.52,36.5,51.9,55.38,51490,61390,75930,107950,115190,,
99,U.S.,1,US,611200,Junior Colleges,"4-digit, ownership",3,15-2051,Data Scientists,detailed,160,2.9,,,0.04,6,33.96,70640,1.1,22.63,28.95,31.7,38.53,48.78,47070,60210,65940,80150,101460,,
99,U.S.,1,US,611300,"Colleges, Universities, and Professional Schools",4-digit,235,15-2051,Data Scientists,detailed,3560,1.1,,,0.12,4,37.77,78550,1,23.65,28.17,32.71,42,55.52,49180,58590,68040,87370,115480,,
99,U.S.,1,US,611300,"Colleges, Universities, and Professional Schools","4-digit, ownership",2,15-2051,Data Scientists,detailed,2240,1.5,,,0.13,4,36.99,76930,1.4,23.57,25.56,32.26,40.91,53.73,49020,53160,67100,85090,111750,,
99,U.S.,1,US,611300,"Colleges, Universities, and Professional Schools","4-digit, ownership",5,15-2051,Data Scientists,detailed,1300,1.4,,,0.1,4,39.21,81550,0.7,23.87,29.93,37.26,47.44,57.84,49650,62250,77500,98670,120310,,
99,U.S.,1,US,611400,Business Schools and Computer and Management Training,4-digit,235,15-2051,Data Scientists,detailed,70,21.2,,,0.08,~,53.79,111880,5.8,26.66,31.09,60.23,68.86,75.3,55440,64670,125280,143220,156610,,
99,U.S.,1,US,611400,Business Schools and Computer and Management Training,"4-digit, ownership",5,15-2051,Data Scientists,detailed,60,23.1,,,0.08,~,55.42,115280,6.6,26.85,33.25,63.78,68.86,75.42,55850,69150,132650,143220,156880,,
99,U.S.,1,US,611500,Technical and Trade Schools,4-digit,235,15-2051,Data Scientists,detailed,90,12.3,,,0.07,~,33.26,69170,2.5,24.37,27.25,29.56,36.59,44.3,50700,56680,61470,76110,92150,,
99,U.S.,1,US,611500,Technical and Trade Schools,"4-digit, ownership",5,15-2051,Data Scientists,detailed,80,12.4,,,0.07,~,34.23,71200,3.2,25.48,27.25,29.56,36.59,46.35,52990,56680,61470,76110,96400,,
99,U.S.,1,US,611600,Other Schools and Instruction,4-digit,235,15-2051,Data Scientists,detailed,70,19.1,,,0.01,~,41.92,87200,7.7,23.47,23.94,39.59,53.46,57.96,48830,49790,82350,111190,120560,,
99,U.S.,1,US,611600,Other Schools and Instruction,"4-digit, ownership",5,15-2051,Data Scientists,detailed,60,20.1,,,0.01,~,41.41,86130,8,23.03,23.94,39.59,53.46,57.96,47900,49790,82350,111190,120550,,
99,U.S.,1,US,611700,Educational Support Services,4-digit,235,15-2051,Data Scientists,detailed,390,18.8,,,0.18,1,51.21,106520,5.5,27.14,34.68,48.07,65.96,78.07,56460,72130,99990,137190,162390,,
99,U.S.,1,US,611700,Educational Support Services,"4-digit, ownership",5,15-2051,Data Scientists,detailed,380,19.5,,,0.21,1,51.27,106640,5.7,27.1,34.68,48.07,65.79,78.14,56370,72130,99990,136840,162520,,
99,U.S.,1,US,621000,Ambulatory Health Care Services,3-digit,5,15-2051,Data Scientists,detailed,2020,4.3,,,0.03,~,44.1,91720,1.8,24.71,30.74,41.15,51.76,65.1,51400,63930,85580,107670,135410,,
99,U.S.,1,US,621100,Offices of Physicians,4-digit,5,15-2051,Data Scientists,detailed,690,9.1,,,0.02,~,37.34,77670,2.8,22.34,26.01,35.01,47.27,56.05,46470,54110,72810,98320,116570,,
99,U.S.,1,US,621300,Offices of Other Health Practitioners,4-digit,5,15-2051,Data Scientists,detailed,50,41.7,,,0,~,46.26,96230,7.5,20.02,46.55,47.98,50,61.99,41650,96830,99800,104000,128940,,
99,U.S.,1,US,621340,"Offices of Physical, Occupational and Speech Therapists, and Audiologists",5-digit,5,15-2051,Data Scientists,detailed,30,23.5,,,0.01,~,54.19,112720,3.8,47.96,47.98,49.99,61.83,67.17,99760,99800,103980,128610,139720,,
99,U.S.,1,US,621400,Outpatient Care Centers,4-digit,5,15-2051,Data Scientists,detailed,580,7.8,,,0.06,1,43.3,90050,3.2,24.76,30.95,41.11,49.79,64.46,51500,64380,85510,103570,134080,,
99,U.S.,1,US,621420,Outpatient Mental Health and Substance Abuse Centers,5-digit,5,15-2051,Data Scientists,detailed,170,24.7,,,0.06,1,35.15,73110,10.3,22.88,24.75,31.73,40.75,44.27,47580,51490,65990,84760,92070,,
99,U.S.,1,US,621500,Medical and Diagnostic Laboratories,4-digit,5,15-2051,Data Scientists,detailed,280,8.7,,,0.09,1,56.63,117790,3.1,30.55,42.35,53.02,66.48,82.95,63530,88090,110290,138280,172530,,
99,U.S.,1,US,621600,Home Health Care Services,4-digit,5,15-2051,Data Scientists,detailed,100,10.3,,,0.01,~,45.77,95210,2.5,28.19,38.38,39.38,56.55,65.35,58630,79820,81910,117620,135930,,
99,U.S.,1,US,621900,Other Ambulatory Health Care Services,4-digit,5,15-2051,Data Scientists,detailed,310,11.9,,,0.1,1,48.72,101330,5.3,28.32,35.97,46.43,59.72,73.77,58900,74820,96580,124220,153450,,
99,U.S.,1,US,621990,All Other Ambulatory Health Care Services,5-digit,5,15-2051,Data Scientists,detailed,300,12.1,,,0.19,1,48.7,101290,5.4,28.32,35.97,46.46,59.72,73.77,58900,74820,96630,124220,153450,,
99,U.S.,1,US,622000,Hospitals,3-digit,235,15-2051,Data Scientists,detailed,3890,0.1,,,0.06,8,44.05,91630,0.4,26.49,32.6,41.24,51.56,63.9,55090,67810,85780,107240,132900,,
99,U.S.,1,US,622000,Hospitals,"3-digit, ownership",2,15-2051,Data Scientists,detailed,350,0.4,,,0.09,2,50.12,104250,0.5,30.04,37.66,51.13,63.69,64.17,62490,78340,106350,132470,133470,,
99,U.S.,1,US,622000,Hospitals,"3-digit, ownership",3,15-2051,Data Scientists,detailed,270,2.3,,,0.04,7,41.23,85750,0.5,21.6,31.7,39.34,49.02,63.32,44930,65930,81820,101960,131710,,
99,U.S.,1,US,622000,Hospitals,"3-digit, ownership",5,15-2051,Data Scientists,detailed,3270,0.3,,,0.07,8,43.64,90760,0.4,26.43,32.18,41.22,51.17,62.41,54980,66920,85730,106420,129810,,
99,U.S.,1,US,622100,General Medical and Surgical Hospitals,4-digit,235,15-2051,Data Scientists,detailed,3730,0.1,,,0.07,10,43.75,91000,0.3,26.43,32.12,41.13,51.56,63.69,54970,66810,85560,107240,132470,,
99,U.S.,1,US,622100,General Medical and Surgical Hospitals,"4-digit, ownership",2,15-2051,Data Scientists,detailed,340,0.4,,,0.13,18,50.58,105210,0.5,30.04,37.69,51.13,63.69,64.17,62490,78390,106350,132470,133470,,
99,U.S.,1,US,622100,General Medical and Surgical Hospitals,"4-digit, ownership",3,15-2051,Data Scientists,detailed,270,2.3,,,0.04,8,41.23,85750,0.5,21.6,31.7,39.34,49.02,63.32,44930,65930,81820,101960,131710,,
99,U.S.,1,US,622100,General Medical and Surgical Hospitals,"4-digit, ownership",5,15-2051,Data Scientists,detailed,3130,0.3,,,0.07,11,43.23,89920,0.4,26.43,31.92,40.92,51.17,61.15,54970,66400,85110,106420,127200,,
99,U.S.,1,US,622300,Specialty (except Psychiatric and Substance Abuse) Hospitals,4-digit,235,15-2051,Data Scientists,detailed,140,1.9,,,0.05,2,52.9,110040,0.5,32.61,42.25,50.57,62.46,79.82,67830,87880,105180,129920,166020,,
99,U.S.,1,US,622300,Specialty (except Psychiatric and Substance Abuse) Hospitals,"4-digit, ownership",5,15-2051,Data Scientists,detailed,130,1.9,,,0.05,2,53.86,112040,0.5,33.47,42.91,50.57,62.46,79.91,69610,89250,105180,129920,166220,,
99,U.S.,1,US,623000,Nursing and Residential Care Facilities,3-digit,5,15-2051,Data Scientists,detailed,110,10.6,,,0,~,34.75,72290,4.5,21.41,25.14,35.72,42.19,48.94,44520,52290,74300,87740,101790,,
99,U.S.,1,US,623100,Nursing Care Facilities (Skilled Nursing Facilities),4-digit,5,15-2051,Data Scientists,detailed,50,16,,,0,~,41.04,85370,3.6,35.72,37.61,39.47,42.19,48.96,74300,78230,82090,87750,101840,,
99,U.S.,1,US,623900,Other Residential Care Facilities,4-digit,5,15-2051,Data Scientists,detailed,30,24.3,,,0.02,~,29.82,62030,7.4,20.38,23.54,25.14,30.9,45.58,42390,48970,52290,64280,94800,,
99,U.S.,1,US,624000,Social Assistance,3-digit,5,15-2051,Data Scientists,detailed,730,5.5,,,0.02,~,35.36,73560,2.6,21.42,24.59,32.37,41.15,49.79,44550,51140,67330,85600,103570,,
99,U.S.,1,US,624100,Individual and Family Services,4-digit,5,15-2051,Data Scientists,detailed,460,7.3,,,0.02,~,35.97,74830,3.4,21.71,24.89,31.73,40.64,50.61,45150,51770,66000,84530,105280,,
99,U.S.,1,US,624120,Services for the Elderly and Persons with Disabilities,5-digit,5,15-2051,Data Scientists,detailed,90,13.7,,,0,~,34.54,71850,4.2,22.48,24.47,29.62,40.06,49.79,46760,50900,61620,83310,103570,,
99,U.S.,1,US,624200,"Community Food and Housing, and Emergency and Other Relief Services",4-digit,5,15-2051,Data Scientists,detailed,110,16,,,0.05,1,37.27,77520,6.4,23.4,25.37,37.99,48.86,50.98,48670,52770,79020,101620,106040,,
99,U.S.,1,US,624300,Vocational Rehabilitation Services,4-digit,5,15-2051,Data Scientists,detailed,140,13.5,,,0.05,1,30.9,64270,4.8,20.48,22.34,29.86,35.95,41.58,42590,46460,62100,74770,86480,,
99,U.S.,1,US,711000,"Performing Arts, Spectator Sports, and Related Industries",3-digit,5,15-2051,Data Scientists,detailed,240,10.4,,,0.05,~,41.89,87120,3.4,20.3,28.15,37.89,50.53,66.53,42230,58560,78800,105110,138380,,
99,U.S.,1,US,711200,Spectator Sports,4-digit,5,15-2051,Data Scientists,detailed,150,14.5,,,0.11,1,43.15,89760,3.6,18.31,30.34,44.86,51.48,72.25,38070,63110,93320,107080,150280,,
99,U.S.,1,US,711300,"Promoters of Performing Arts, Sports, and Similar Events",4-digit,5,15-2051,Data Scientists,detailed,70,16.4,,,0.05,1,37.51,78010,6.9,27.03,28.05,33.27,40.54,61.32,56230,58350,69200,84330,127540,,
99,U.S.,1,US,712000,"Museums, Historical Sites, and Similar Institutions",3-digit,5,15-2051,Data Scientists,detailed,70,3.4,,,0.05,~,32.87,68370,1.5,23.02,23.9,29.44,39.9,49.33,47880,49700,61230,82990,102610,,
99,U.S.,1,US,712100,"Museums, Historical Sites, and Similar Institutions",4-digit,5,15-2051,Data Scientists,detailed,70,3.4,,,0.05,~,32.87,68370,1.5,23.02,23.9,29.44,39.9,49.33,47880,49700,61230,82990,102610,,
99,U.S.,1,US,713000,"Amusement, Gambling, and Recreation Industries",3-digit,57,15-2051,Data Scientists,detailed,60,17.7,,,0,~,46.86,97460,11.6,30.93,33.33,40.41,58.27,74.92,64330,69320,84060,121210,155830,,
99,U.S.,1,US,713200,Gambling Industries,4-digit,57,15-2051,Data Scientists,detailed,60,19,,,0.03,1,47.14,98050,11.9,30.93,33.33,40.62,55.02,74.92,64330,69320,84490,114440,155830,,
99,U.S.,1,US,721000,Accommodation,3-digit,57,15-2051,Data Scientists,detailed,40,4.3,,,0,~,39.07,81260,1.6,21.65,22.73,33.15,48.38,54.04,45030,47280,68950,100640,112410,,
99,U.S.,1,US,721100,Traveler Accommodation,4-digit,57,15-2051,Data Scientists,detailed,40,4.3,,,0,~,39.07,81260,1.6,21.65,22.73,33.15,48.38,54.04,45030,47280,68950,100640,112410,,
99,U.S.,1,US,811000,Repair and Maintenance,3-digit,5,15-2051,Data Scientists,detailed,100,23.2,,,0.01,~,46.82,97380,8.1,24.29,31.34,43.96,63.78,67.88,50520,65180,91450,132660,141190,,
99,U.S.,1,US,811200,Electronic and Precision Equipment Repair and Maintenance,4-digit,5,15-2051,Data Scientists,detailed,50,23.4,,,0.05,~,42.96,89360,7,26.54,29.32,41.02,56.73,67.88,55200,60980,85320,118000,141190,,
99,U.S.,1,US,812000,Personal and Laundry Services,3-digit,5,15-2051,Data Scientists,detailed,80,18.1,,,0.01,~,60.28,125370,6.1,32.67,50.03,50.06,69.58,83.5,67960,104060,104130,144730,173670,,
99,U.S.,1,US,812100,Personal Care Services,4-digit,5,15-2051,Data Scientists,detailed,**,**,,,**,**,64.12,133370,1.9,32.67,50.04,69.58,74.9,83.5,67960,104080,144730,155790,173670,,
99,U.S.,1,US,812900,Other Personal Services,4-digit,5,15-2051,Data Scientists,detailed,40,32,,,0.01,~,57.67,119950,15.1,48.27,50.03,50.03,54.17,78.09,100390,104060,104070,112680,162420,,
99,U.S.,1,US,813000,"Religious, Grantmaking, Civic, Professional, and Similar Organizations",3-digit,5,15-2051,Data Scientists,detailed,1550,10.3,,,0.12,1,41.65,86630,2.8,25.15,29.8,38,49.39,64.57,52310,61980,79030,102740,134300,,
99,U.S.,1,US,813100,Religious Organizations,4-digit,5,15-2051,Data Scientists,detailed,50,43.1,,,0.03,~,36.13,75150,6.2,25.58,25.58,37.05,43.87,43.87,53200,53200,77070,91240,91250,,
99,U.S.,1,US,813200,Grantmaking and Giving Services,4-digit,5,15-2051,Data Scientists,detailed,330,17.4,,,0.22,1,44.89,93360,4.7,24.73,29.95,38.98,50.62,76.77,51440,62290,81070,105280,159690,,
99,U.S.,1,US,813300,Social Advocacy Organizations,4-digit,5,15-2051,Data Scientists,detailed,400,29.6,,,0.17,1,39.38,81910,5.6,24.5,30.38,35.14,46.33,56.39,50970,63190,73080,96370,117280,,
99,U.S.,1,US,813400,Civic and Social Organizations,4-digit,5,15-2051,Data Scientists,detailed,190,24.5,,,0.06,1,31.43,65360,4.7,23.14,28.13,28.13,35.65,40.89,48130,58510,58510,74150,85050,,
99,U.S.,1,US,813900,"Business, Professional, Labor, Political, and Similar Organizations",4-digit,5,15-2051,Data Scientists,detailed,590,8.7,,,0.14,1,45.18,93970,2.7,28.03,35.48,42.3,53.15,64.94,58290,73790,87990,110550,135060,,
99,U.S.,1,US,813930,Labor Unions and Similar Labor Organizations,5-digit,5,15-2051,Data Scientists,detailed,30,25.5,,,0.03,~,48.04,99930,2.4,30.56,38.34,50.52,57.49,64.93,63560,79750,105080,119570,135050,,
99,U.S.,1,US,999000,"Federal, State, and Local Government, excluding state and local schools and hospitals and the U.S. Postal Service (OES Designation)",3-digit,123,15-2051,Data Scientists,detailed,2810,0.9,,,0.03,1,39.83,82840,0.4,26.18,32.6,40.5,46.42,51.53,54450,67810,84230,96560,107180,,
99,U.S.,1,US,999001,"Federal, state, and local government, including government-owned schools and hospitals, and the U.S. Postal Service","cross-industry, ownership",123,15-2051,Data Scientists,detailed,6660,3.5,,,,,40.38,83980,3,24.32,30.99,38.63,46.9,60.7,50590,64460,80340,97550,126260,,
99,U.S.,1,US,999100,Federal Executive Branch (OES Designation),4-digit,1,15-2051,Data Scientists,detailed,40,0,,,0,1,56.66,117860,0,35.05,42.46,57.53,65.57,78.89,72900,88320,119660,136390,164090,,
99,U.S.,1,US,999101,"Federal government, including the US Postal Service","cross-industry, ownership",1,15-2051,Data Scientists,detailed,40,0,,,,,56.66,117860,0,35.05,42.46,57.53,65.57,78.89,72900,88320,119660,136390,164090,,
99,U.S.,1,US,999200,"State Government, excluding schools and hospitals (OES Designation)",4-digit,2,15-2051,Data Scientists,detailed,1770,0,,,0.08,3,40.08,83360,0,29.4,34.26,40.84,45.88,49.91,61150,71260,84950,95430,103820,,
99,U.S.,1,US,999201,"State government, including schools and hospitals","cross-industry, ownership",2,15-2051,Data Scientists,detailed,4450,0.8,,,,,39.26,81660,0.7,24.9,31.35,38.51,45.88,53.29,51780,65210,80090,95430,110850,,
99,U.S.,1,US,999300,"Local Government, excluding schools and hospitals (OES Designation)",4-digit,3,15-2051,Data Scientists,detailed,1000,2.5,,,0.02,1,38.71,80520,1.1,23.45,28.74,36.79,46.65,53.49,48780,59780,76520,97030,111250,,
99,U.S.,1,US,999301,"Local government, including schools and hospitals","cross-industry, ownership",3,15-2051,Data Scientists,detailed,2170,10.7,,,,,42.37,88140,8.6,22.93,29.47,38.53,49.78,63.36,47690,61290,80150,103540,131790,,
99,U.S.,1,US,31-33,Manufacturing,sector,5,15-2051,Data Scientists,detailed,6310,2.4,,,0.05,1,56.3,117110,0.7,30.65,39.68,52.46,66.93,84.43,63750,82530,109120,139220,175610,,
99,U.S.,1,US,3250A1,"Chemical Manufacturing (3251, 3252, 3253, and 3259 only)",4-digit,5,15-2051,Data Scientists,detailed,180,8.6,,,0.05,1,50.43,104890,2.4,29.52,37.68,49.57,64.35,79.25,61400,78360,103110,133860,164830,,
99,U.S.,1,US,3250A2,Chemical Manufacturing (3255 and 3256 only),4-digit,5,15-2051,Data Scientists,detailed,40,28.2,,,0.02,1,54.99,114380,5.2,40.61,41.28,54.42,68.65,70.9,84480,85860,113200,142790,147480,,
99,U.S.,1,US,3320A1,"Fabricated Metal Product Manufacturing (3321, 3322, 3325, 3326, and 3329 only)",4-digit,5,15-2051,Data Scientists,detailed,90,9.8,,,0.02,1,40.78,84820,3.5,23.2,29.94,37.44,50.31,64.22,48260,62270,77870,104650,133570,,
99,U.S.,1,US,3320A2,Fabricated Metal Product Manufacturing (3323 and 3324 only),4-digit,5,15-2051,Data Scientists,detailed,40,17,,,0.01,~,39.41,81980,5.4,28.02,29.59,38.43,48.14,54.83,58290,61540,79940,100140,114050,,
99,U.S.,1,US,3330A1,"Machinery Manufacturing (3331, 3332, 3334, and 3339 only)",4-digit,5,15-2051,Data Scientists,detailed,270,4.9,,,0.04,1,45.23,94070,1.3,26.08,36.73,45.61,52.46,63.78,54240,76390,94870,109120,132660,,
99,U.S.,1,US,3370A1,Furniture and Related Product Manufacturing (3371 and 3372 only),4-digit,5,15-2051,Data Scientists,detailed,60,11.3,,,0.02,~,37.74,78490,2.7,22.08,30.65,31.22,47.53,61.8,45930,63750,64950,98870,128540,,
99,U.S.,1,US,4230A1,"Merchant Wholesalers, Durable Goods (4232, 4233, 4235, 4236, 4237, and 4239 only)",4-digit,5,15-2051,Data Scientists,detailed,550,12.1,,,0.04,~,45.46,94550,5.7,21.12,27.4,41.38,59.49,74.51,43930,56980,86080,123740,154980,,
99,U.S.,1,US,4240A1,"Merchant Wholesalers, Nondurable Goods (4244 and 4248 only)",4-digit,5,15-2051,Data Scientists,detailed,310,9.3,,,0.03,~,44.45,92450,1.6,30.18,35.85,39.74,55.15,61.81,62780,74570,82660,114710,128570,,
99,U.S.,1,US,4240A2,"Merchant Wholesalers, Nondurable Goods (4242 and 4246 only)",4-digit,5,15-2051,Data Scientists,detailed,650,13,,,0.17,1,57.75,120110,3.7,34.32,45.19,57.68,67.92,83.57,71380,94000,119970,141280,173820,,
99,U.S.,1,US,4240A3,"Merchant Wholesalers, Nondurable Goods (4241, 4247, and 4249 only)",4-digit,5,15-2051,Data Scientists,detailed,120,10.1,,,0.02,~,45.18,93970,5.5,26.69,34.03,41.72,57.55,65.15,55510,70790,86780,119710,135520,,
99,U.S.,1,US,44-45,Retail Trade,sector,5,15-2051,Data Scientists,detailed,1670,13.8,,,0.01,~,58.55,121780,7.3,24.39,35.34,59.14,80.73,92.03,50720,73510,123020,167910,191410,,
99,U.S.,1,US,4450A1,Food and Beverage Retailers (4451 and 4452 only),4-digit,5,15-2051,Data Scientists,detailed,**,**,,,**,**,32.19,66950,10.2,17.81,21.6,26.96,38.99,59.22,37040,44920,56080,81100,123170,,
99,U.S.,1,US,4590A1,Miscellaneous Store Retailers (4594 and 4595 only),4-digit,5,15-2051,Data Scientists,detailed,**,**,,,**,**,55.79,116030,23,34.03,35.11,38.19,70.72,105.08,70780,73020,79430,147100,218560,,
99,U.S.,1,US,48-49,Transportation and Warehousing,sector,59,15-2051,Data Scientists,detailed,1440,5.3,,,0.02,~,45.95,95570,6.1,21.33,28.55,38.35,58.36,78.13,44370,59380,79780,121380,162510,,
99,U.S.,1,US,5220A1,Credit Intermediation and Related Activities (5221 And 5223 only),4-digit,5,15-2051,Data Scientists,detailed,7120,1.8,,,0.35,1,57.94,120520,0.8,34.39,42.43,56.97,67.34,82.52,71520,88250,118500,140070,171640,,
99,U.S.,1,US,5320A1,"Rental and Leasing Services (5322, 5323, and 5324 only)",4-digit,5,15-2051,Data Scientists,detailed,140,32.8,,,0.04,~,49.73,103450,6.3,33.9,43.26,47.98,50.49,76.31,70500,89980,99790,105020,158730,,
